,precision,recall,f1-score,support
0,0.9038461538461539,0.7580645161290323,0.8245614035087719,62.0
1,0.8854961832061069,0.9586776859504132,0.9206349206349206,121.0
accuracy,0.8907103825136612,0.8907103825136612,0.8907103825136612,0.8907103825136612
macro avg,0.8946711685261304,0.8583711010397228,0.8725981620718463,183.0
weighted avg,0.8917131131497295,0.8907103825136612,0.8880854230293402,183.0
