{
  "timestamp": "20251212_225725",
  "n_parents_total": 1218,
  "train_parents": 852,
  "val_parents": 183,
  "test_parents": 183,
  "best_threshold": 0.33,
  "f1_at_best_threshold_val": 0.9126984126984127,
  "roc_auc_test": 0.9576113036523595,
  "average_precision_test": 0.9782185608288517,
  "confusion_matrix": [
    [
      47,
      15
    ],
    [
      5,
      116
    ]
  ],
  "model_final_path": "models\\yamnet_v2_final_20251212_225725.keras",
  "best_ckpt_path": "models\\yamnet_v2_best_20251212_225725.keras"
}