,precision,recall,f1-score,support
0,1.0,0.9032258064516129,0.9491525423728814,62.0
1,0.952755905511811,1.0,0.9758064516129032,121.0
accuracy,0.9672131147540983,0.9672131147540983,0.9672131147540983,0.9672131147540983
macro avg,0.9763779527559056,0.9516129032258065,0.9624794969928923,183.0
weighted avg,0.9687621014586291,0.9672131147540983,0.9667761654222948,183.0
